{
    "name": "root",
    "gauges": {
        "AutoJump.Policy.Entropy.mean": {
            "value": 0.7567344903945923,
            "min": 0.7293475270271301,
            "max": 3.0485548973083496,
            "count": 267
        },
        "AutoJump.Policy.Entropy.sum": {
            "value": 1513.468994140625,
            "min": 1455.2117919921875,
            "max": 6127.59521484375,
            "count": 267
        },
        "AutoJump.Step.mean": {
            "value": 533999.0,
            "min": 1998.0,
            "max": 533999.0,
            "count": 267
        },
        "AutoJump.Step.sum": {
            "value": 533999.0,
            "min": 1998.0,
            "max": 533999.0,
            "count": 267
        },
        "AutoJump.Policy.ExtrinsicValueEstimate.mean": {
            "value": 0.0004560457600746304,
            "min": -0.15970203280448914,
            "max": 0.15073587000370026,
            "count": 267
        },
        "AutoJump.Policy.ExtrinsicValueEstimate.sum": {
            "value": 0.3046385645866394,
            "min": -107.00035858154297,
            "max": 100.69155883789062,
            "count": 267
        },
        "AutoJump.Losses.PolicyLoss.mean": {
            "value": 0.13788447007148835,
            "min": 0.11268110355428819,
            "max": 0.1491181553477266,
            "count": 267
        },
        "AutoJump.Losses.PolicyLoss.sum": {
            "value": 1.1030757605719068,
            "min": 0.7887677248800173,
            "max": 1.1929452427818128,
            "count": 267
        },
        "AutoJump.Losses.ValueLoss.mean": {
            "value": 1.0955214660620292e-06,
            "min": 3.378648800733686e-07,
            "max": 0.17733961465446987,
            "count": 267
        },
        "AutoJump.Losses.ValueLoss.sum": {
            "value": 8.764171728496233e-06,
            "min": 2.3650541605135804e-06,
            "max": 1.241377302581289,
            "count": 267
        },
        "AutoJump.Policy.LearningRate.mean": {
            "value": 0.0001400948408017375,
            "min": 0.0001400948408017375,
            "max": 0.000299676000108,
            "count": 267
        },
        "AutoJump.Policy.LearningRate.sum": {
            "value": 0.0011207587264139,
            "min": 0.0009848577717142001,
            "max": 0.0023880363039878996,
            "count": 267
        },
        "AutoJump.Policy.Epsilon.mean": {
            "value": 0.1466982625,
            "min": 0.1466982625,
            "max": 0.19989200000000001,
            "count": 267
        },
        "AutoJump.Policy.Epsilon.sum": {
            "value": 1.1735861,
            "min": 1.0282858000000001,
            "max": 1.5960121,
            "count": 267
        },
        "AutoJump.Policy.Beta.mean": {
            "value": 0.00234024329875,
            "min": 0.00234024329875,
            "max": 0.0049946108,
            "count": 267
        },
        "AutoJump.Policy.Beta.sum": {
            "value": 0.01872194639,
            "min": 0.01645146142,
            "max": 0.03980100379,
            "count": 267
        },
        "AutoJump.Environment.EpisodeLength.mean": {
            "value": 999.0,
            "min": 170.0,
            "max": 999.0,
            "count": 267
        },
        "AutoJump.Environment.EpisodeLength.sum": {
            "value": 999.0,
            "min": 170.0,
            "max": 2997.0,
            "count": 267
        },
        "AutoJump.Environment.CumulativeReward.mean": {
            "value": 0.0,
            "min": -5.0,
            "max": 0.0,
            "count": 267
        },
        "AutoJump.Environment.CumulativeReward.sum": {
            "value": 0.0,
            "min": -42.0,
            "max": 0.0,
            "count": 267
        },
        "AutoJump.Policy.ExtrinsicReward.mean": {
            "value": 0.0,
            "min": -5.0,
            "max": 0.0,
            "count": 267
        },
        "AutoJump.Policy.ExtrinsicReward.sum": {
            "value": 0.0,
            "min": -42.0,
            "max": 0.0,
            "count": 267
        },
        "AutoJump.IsTraining.mean": {
            "value": 1.0,
            "min": 1.0,
            "max": 1.0,
            "count": 267
        },
        "AutoJump.IsTraining.sum": {
            "value": 1.0,
            "min": 1.0,
            "max": 1.0,
            "count": 267
        }
    },
    "metadata": {
        "timer_format_version": "0.1.0",
        "start_time_seconds": "1691588843",
        "python_version": "3.9.0 (tags/v3.9.0:9cf6752, Oct  5 2020, 15:34:40) [MSC v.1927 64 bit (AMD64)]",
        "command_line_arguments": "C:\\Users\\Rares-Anton\\Desktop\\HartaAia\\venv\\Scripts\\mlagents-learn Assets\\Autojump.yaml --run-id=Test6.8",
        "mlagents_version": "0.30.0",
        "mlagents_envs_version": "0.30.0",
        "communication_protocol_version": "1.5.0",
        "pytorch_version": "1.7.1+cu110",
        "numpy_version": "1.21.2",
        "end_time_seconds": "1691590181"
    },
    "total": 1338.2251551,
    "count": 1,
    "self": 0.006963399999904141,
    "children": {
        "run_training.setup": {
            "total": 0.10419790000000018,
            "count": 1,
            "self": 0.10419790000000018
        },
        "TrainerController.start_learning": {
            "total": 1338.1139938000001,
            "count": 1,
            "self": 1.28035789997557,
            "children": {
                "TrainerController._reset_env": {
                    "total": 6.6554844,
                    "count": 1,
                    "self": 6.6554844
                },
                "TrainerController.advance": {
                    "total": 1330.0611225000246,
                    "count": 53960,
                    "self": 1.0292602000524766,
                    "children": {
                        "env_step": {
                            "total": 365.1471247999893,
                            "count": 53960,
                            "self": 213.22167459999372,
                            "children": {
                                "SubprocessEnvManager._take_step": {
                                    "total": 151.33973799998697,
                                    "count": 53960,
                                    "self": 2.973688199996758,
                                    "children": {
                                        "TorchPolicy.evaluate": {
                                            "total": 148.3660497999902,
                                            "count": 53471,
                                            "self": 148.3660497999902
                                        }
                                    }
                                },
                                "workers": {
                                    "total": 0.5857122000085937,
                                    "count": 53959,
                                    "self": 0.0,
                                    "children": {
                                        "worker_root": {
                                            "total": 1325.18920550003,
                                            "count": 53959,
                                            "is_parallel": true,
                                            "self": 1176.2901497000266,
                                            "children": {
                                                "steps_from_proto": {
                                                    "total": 0.0005079000000005607,
                                                    "count": 1,
                                                    "is_parallel": true,
                                                    "self": 0.0002683000000001101,