{
    "name": "root",
    "gauges": {
        "AutoJump.Policy.Entropy.mean": {
            "value": 1.715653419494629,
            "min": 1.7092636823654175,
            "max": 1.7664601802825928,
            "count": 7
        },
        "AutoJump.Policy.Entropy.sum": {
            "value": 3443.31640625,
            "min": 3415.10888671875,
            "max": 3561.183837890625,
            "count": 7
        },
        "AutoJump.Step.mean": {
            "value": 13998.0,
            "min": 1999.0,
            "max": 13998.0,
            "count": 7
        },
        "AutoJump.Step.sum": {
            "value": 13998.0,
            "min": 1999.0,
            "max": 13998.0,
            "count": 7
        },
        "AutoJump.Policy.ExtrinsicValueEstimate.mean": {
            "value": 6.668632984161377,
            "min": 6.668632984161377,
            "max": 27.662397384643555,
            "count": 7
        },
        "AutoJump.Policy.ExtrinsicValueEstimate.sum": {
            "value": 4721.39208984375,
            "min": 4721.39208984375,
            "max": 19881.255859375,
            "count": 7
        },
        "AutoJump.Environment.EpisodeLength.mean": {
            "value": 14.044117647058824,
            "min": 13.036764705882353,
            "max": 14.143939393939394,
            "count": 7
        },
        "AutoJump.Environment.EpisodeLength.sum": {
            "value": 1910.0,
            "min": 1773.0,
            "max": 1910.0,
            "count": 7
        },
        "AutoJump.Environment.CumulativeReward.mean": {
            "value": -3.9112131736279374,
            "min": -4.256665092395093,
            "max": -3.9112131736279374,
            "count": 7
        },
        "AutoJump.Environment.CumulativeReward.sum": {
            "value": -531.9249916133995,
            "min": -581.8675921245595,
            "max": -531.9249916133995,
            "count": 7
        },
        "AutoJump.Policy.ExtrinsicReward.mean": {
            "value": -3.9112131736279374,
            "min": -4.256665092395093,
            "max": -3.9112131736279374,
            "count": 7
        },
        "AutoJump.Policy.ExtrinsicReward.sum": {
            "value": -531.9249916133995,
            "min": -581.8675921245595,
            "max": -531.9249916133995,
            "count": 7
        },
        "AutoJump.IsTraining.mean": {
            "value": 1.0,
            "min": 1.0,
            "max": 1.0,
            "count": 7
        },
        "AutoJump.IsTraining.sum": {
            "value": 1.0,
            "min": 1.0,
            "max": 1.0,
            "count": 7
        },
        "AutoJump.Losses.PolicyLoss.mean": {
            "value": 0.036434054103059076,
            "min": 0.022011835360899568,
            "max": 0.036434054103059076,
            "count": 3
        },
        "AutoJump.Losses.PolicyLoss.sum": {
            "value": 0.036434054103059076,
            "min": 0.022011835360899568,
            "max": 0.036434054103059076,
            "count": 3
        },
        "AutoJump.Losses.ValueLoss.mean": {
            "value": 26.4409343401591,
            "min": 26.4409343401591,
            "max": 122.50081062316895,
            "count": 3
        },
        "AutoJump.Losses.ValueLoss.sum": {
            "value": 26.4409343401591,
            "min": 26.4409343401591,
            "max": 122.50081062316895,
            "count": 3
        },
        "AutoJump.Policy.LearningRate.mean": {
            "value": 0.0009975406002459399,
            "min": 0.0009975406002459399,
            "max": 0.0009991802000819798,
            "count": 3
        },
        "AutoJump.Policy.LearningRate.sum": {
            "value": 0.0009975406002459399,
            "min": 0.0009975406002459399,
            "max": 0.0009991802000819798,
            "count": 3
        },
        "AutoJump.Policy.Epsilon.mean": {
            "value": 0.19975406000000004,
            "min": 0.19975406000000004,
            "max": 0.19991802,
            "count": 3
        },
        "AutoJump.Policy.Epsilon.sum": {
            "value": 0.19975406000000004,
            "min": 0.19975406000000004,
            "max": 0.19991802,
            "count": 3
        },
        "AutoJump.Policy.Beta.mean": {
            "value": 0.0009975651940000003,
            "min": 0.0009975651940000003,
            "max": 0.0009991883979999997,
            "count": 3
        },
        "AutoJump.Policy.Beta.sum": {
            "value": 0.0009975651940000003,
            "min": 0.0009975651940000003,
            "max": 0.0009991883979999997,
            "count": 3
        }
    },
    "metadata": {
        "timer_format_version": "0.1.0",
        "start_time_seconds": "1691729155",
        "python_version": "3.9.0 (tags/v3.9.0:9cf6752, Oct  5 2020, 15:34:40) [MSC v.1927 64 bit (AMD64)]",
        "command_line_arguments": "C:\\Users\\Rares-Anton\\Desktop\\HartaAia\\venv\\Scripts\\mlagents-learn Assets\\Autojump.yaml --run-id=Test8.1medium1",
        "mlagents_version": "0.30.0",
        "mlagents_envs_version": "0.30.0",
        "communication_protocol_version": "1.5.0",
        "pytorch_version": "1.7.1+cu110",
        "numpy_version": "1.21.2",
        "end_time_seconds": "1691729207"
    },
    "total": 52.191082699999995,
    "count": 1,
    "self": 0.009863699999989706,
    "children": {
        "run_training.setup": {
            "total": 0.1321694,
            "count": 1,
            "self": 0.1321694
        },
        "TrainerController.start_learning": {
            "total": 52.049049600000004,
            "count": 1,
            "self": 0.0615994999998577,
            "children": {
                "TrainerController._reset_env": {
                    "total": 6.8568111,
                    "count": 1,
                    "self": 6.8568111
                },
                "TrainerController.advance": {
                    "total": 44.997154600000144,
                    "count": 2417,
                    "self": 0.05128410000025241,
                    "children": {
                        "env_step": {
                            "total": 30.087276300000035,
                            "count": 2417,
                            "self": 24.246848299999954,
                            "children": {
                                "SubprocessEnvManager._take_step": {
                                    "total": 5.809754099999964,
                                    "count": 2417,
                                    "self": 0.10944920000000025,
                                    "children": {
                                        "TorchPolicy.evaluate": {
                                            "total": 5.7003048999999635,
                                            "count": 1671,
                                            "self": 5.7003048999999635
                                        }
                                    }
                                },
                                "workers": {
                                    "total": 0.030673900000119048,
                                    "count": 2416,
                                    "self": 0.0,
                                    "children": {
                                        "worker_root": {
                                            "total": 42.199617699999834,
                                            "count": 2416,
                                            "is_parallel": true,
                                            "self": 24.92834949999989,
                                            "children": {
                                                "steps_from_proto": {
                                                    "total": 0.0006587000000006782,
                                                    "count": 1,
                                                    "is_parallel": true,
                                                    "self": 0.00036230000000081475,