{
    "name": "root",
    "gauges": {
        "AutoJump.Policy.Entropy.mean": {
            "value": 3.0074241161346436,
            "min": 3.0074241161346436,
            "max": 3.0074241161346436,
            "count": 1
        },
        "AutoJump.Policy.Entropy.sum": {
            "value": 151237.34375,
            "min": 151237.34375,
            "max": 151237.34375,
            "count": 1
        },
        "AutoJump.Step.mean": {
            "value": 49953.0,
            "min": 49953.0,
            "max": 49953.0,
            "count": 1
        },
        "AutoJump.Step.sum": {
            "value": 49953.0,
            "min": 49953.0,
            "max": 49953.0,
            "count": 1
        },
        "AutoJump.Policy.ExtrinsicValueEstimate.mean": {
            "value": -2.600992202758789,
            "min": -2.600992202758789,
            "max": -2.600992202758789,
            "count": 1
        },
        "AutoJump.Policy.ExtrinsicValueEstimate.sum": {
            "value": -2106.8037109375,
            "min": -2106.8037109375,
            "max": -2106.8037109375,
            "count": 1
        },
        "AutoJump.Environment.EpisodeLength.mean": {
            "value": 720.515625,
            "min": 720.515625,
            "max": 720.515625,
            "count": 1
        },
        "AutoJump.Environment.EpisodeLength.sum": {
            "value": 46113.0,
            "min": 46113.0,
            "max": 46113.0,
            "count": 1
        },
        "AutoJump.Environment.CumulativeReward.mean": {
            "value": -30.46875,
            "min": -30.46875,
            "max": -30.46875,
            "count": 1
        },
        "AutoJump.Environment.CumulativeReward.sum": {
            "value": -1950.0,
            "min": -1950.0,
            "max": -1950.0,
            "count": 1
        },
        "AutoJump.Policy.ExtrinsicReward.mean": {
            "value": -30.46875,
            "min": -30.46875,
            "max": -30.46875,
            "count": 1
        },
        "AutoJump.Policy.ExtrinsicReward.sum": {
            "value": -1950.0,
            "min": -1950.0,
            "max": -1950.0,
            "count": 1
        },
        "AutoJump.Losses.PolicyLoss.mean": {
            "value": 0.022107266378588973,
            "min": 0.022107266378588973,
            "max": 0.022107266378588973,
            "count": 1
        },
        "AutoJump.Losses.PolicyLoss.sum": {
            "value": 0.08842906551435589,
            "min": 0.08842906551435589,
            "max": 0.08842906551435589,
            "count": 1
        },
        "AutoJump.Losses.ValueLoss.mean": {
            "value": 49.99811538457871,
            "min": 49.99811538457871,
            "max": 49.99811538457871,
            "count": 1
        },
        "AutoJump.Losses.ValueLoss.sum": {
            "value": 199.99246153831484,
            "min": 199.99246153831484,
            "max": 199.99246153831484,
            "count": 1
        },
        "AutoJump.Policy.LearningRate.mean": {
            "value": 0.0002846010051329999,
            "min": 0.0002846010051329999,
            "max": 0.0002846010051329999,
            "count": 1
        },
        "AutoJump.Policy.LearningRate.sum": {
            "value": 0.0011384040205319997,
            "min": 0.0011384040205319997,
            "max": 0.0011384040205319997,
            "count": 1
        },
        "AutoJump.Policy.Epsilon.mean": {
            "value": 0.194867,
            "min": 0.194867,
            "max": 0.194867,
            "count": 1
        },
        "AutoJump.Policy.Epsilon.sum": {
            "value": 0.779468,
            "min": 0.779468,
            "max": 0.779468,
            "count": 1
        },
        "AutoJump.Policy.Beta.mean": {
            "value": 0.004743863299999999,
            "min": 0.004743863299999999,
            "max": 0.004743863299999999,
            "count": 1
        },
        "AutoJump.Policy.Beta.sum": {
            "value": 0.018975453199999995,
            "min": 0.018975453199999995,
            "max": 0.018975453199999995,
            "count": 1
        },
        "AutoJump.IsTraining.mean": {
            "value": 1.0,
            "min": 1.0,
            "max": 1.0,
            "count": 1
        },
        "AutoJump.IsTraining.sum": {
            "value": 1.0,
            "min": 1.0,
            "max": 1.0,
            "count": 1
        }
    },
    "metadata": {
        "timer_format_version": "0.1.0",
        "start_time_seconds": "1691505208",
        "python_version": "3.9.0 (tags/v3.9.0:9cf6752, Oct  5 2020, 15:34:40) [MSC v.1927 64 bit (AMD64)]",
        "command_line_arguments": "C:\\Users\\Rares-Anton\\Desktop\\HartaAia\\venv\\Scripts\\mlagents-learn --run-id=Test5.12",
        "mlagents_version": "0.30.0",
        "mlagents_envs_version": "0.30.0",
        "communication_protocol_version": "1.5.0",
        "pytorch_version": "1.7.1+cu110",
        "numpy_version": "1.21.2",
        "end_time_seconds": "1691505382"
    },
    "total": 174.6584699,
    "count": 1,
    "self": 0.008721300000019028,
    "children": {
        "run_training.setup": {
            "total": 0.040098100000000025,
            "count": 1,
            "self": 0.040098100000000025
        },
        "TrainerController.start_learning": {
            "total": 174.6096505,
            "count": 1,
            "self": 0.2404436000011856,
            "children": {
                "TrainerController._reset_env": {
                    "total": 8.199439700000001,
                    "count": 1,
                    "self": 8.199439700000001
                },
                "TrainerController.advance": {
                    "total": 166.0019563999988,
                    "count": 12081,
                    "self": 0.23787369999968178,
                    "children": {
                        "env_step": {
                            "total": 138.07974479999947,
                            "count": 12081,
                            "self": 92.04856939999954,
                            "children": {
                                "SubprocessEnvManager._take_step": {
                                    "total": 45.88126940000042,
                                    "count": 12081,
                                    "self": 0.8045170999998703,
                                    "children": {
                                        "TorchPolicy.evaluate": {
                                            "total": 45.07675230000055,
                                            "count": 11981,
                                            "self": 45.07675230000055
                                        }
                                    }
                                },
                                "workers": {
                                    "total": 0.14990599999952003,
                                    "count": 12080,
                                    "self": 0.0,
                                    "children": {
                                        "worker_root": {
                                            "total": 156.34800749999982,
                                            "count": 12080,
                                            "is_parallel": true,
                                            "self": 88.77246289999998,
                                            "children": {
                                                "steps_from_proto": {
                                                    "total": 0.00047420000000020224,
                                                    "count": 1,
                                                    "is_parallel": true,
                                                    "self": 0.00019520000000028404,