{
    "name": "root",
    "gauges": {
        "AutoJump.Policy.Entropy.mean": {
            "value": 3.0222065448760986,
            "min": 3.0222065448760986,
            "max": 3.0274789333343506,
            "count": 6
        },
        "AutoJump.Policy.Entropy.sum": {
            "value": 6065.568359375,
            "min": 6038.537109375,
            "max": 6102.873046875,
            "count": 6
        },
        "AutoJump.Step.mean": {
            "value": 11997.0,
            "min": 1999.0,
            "max": 11997.0,
            "count": 6
        },
        "AutoJump.Step.sum": {
            "value": 11997.0,
            "min": 1999.0,
            "max": 11997.0,
            "count": 6
        },
        "AutoJump.Policy.ExtrinsicValueEstimate.mean": {
            "value": -0.2565799653530121,
            "min": -0.3828105032444,
            "max": -0.2559511065483093,
            "count": 6
        },
        "AutoJump.Policy.ExtrinsicValueEstimate.sum": {
            "value": -173.44805908203125,
            "min": -258.0142822265625,
            "max": -172.76699829101562,
            "count": 6
        },
        "AutoJump.Environment.EpisodeLength.mean": {
            "value": 91.6086956521739,
            "min": 91.6086956521739,
            "max": 99.65,
            "count": 6
        },
        "AutoJump.Environment.EpisodeLength.sum": {
            "value": 2107.0,
            "min": 1557.0,
            "max": 2107.0,
            "count": 6
        },
        "AutoJump.Environment.CumulativeReward.mean": {
            "value": -0.30963477315431787,
            "min": -0.5505363570938987,
            "max": -0.09718094573777523,
            "count": 6
        },
        "AutoJump.Environment.CumulativeReward.sum": {
            "value": -7.1215997825493105,
            "min": -12.111799856065772,
            "max": -1.8045998768066056,
            "count": 6
        },
        "AutoJump.Policy.ExtrinsicReward.mean": {
            "value": -0.30963477315431787,
            "min": -0.5505363570938987,
            "max": -0.09718094573777523,
            "count": 6
        },
        "AutoJump.Policy.ExtrinsicReward.sum": {
            "value": -7.1215997825493105,
            "min": -12.111799856065772,
            "max": -1.8045998768066056,
            "count": 6
        },
        "AutoJump.IsTraining.mean": {
            "value": 1.0,
            "min": 1.0,
            "max": 1.0,
            "count": 6
        },
        "AutoJump.IsTraining.sum": {
            "value": 1.0,
            "min": 1.0,
            "max": 1.0,
            "count": 6
        },
        "AutoJump.Losses.PolicyLoss.mean": {
            "value": 0.026474649785086513,
            "min": 0.020850701451612014,
            "max": 0.026474649785086513,
            "count": 2
        },
        "AutoJump.Losses.PolicyLoss.sum": {
            "value": 0.026474649785086513,
            "min": 0.020850701451612014,
            "max": 0.026474649785086513,
            "count": 2
        },
        "AutoJump.Losses.ValueLoss.mean": {
            "value": 0.16348470623294512,
            "min": 0.16348470623294512,
            "max": 0.23184046149253845,
            "count": 2
        },
        "AutoJump.Losses.ValueLoss.sum": {
            "value": 0.16348470623294512,
            "min": 0.16348470623294512,
            "max": 0.23184046149253845,
            "count": 2
        },
        "AutoJump.Policy.LearningRate.mean": {
            "value": 0.00099835880016412,
            "min": 0.00099835880016412,
            "max": 0.0009991796000820403,
            "count": 2
        },
        "AutoJump.Policy.LearningRate.sum": {
            "value": 0.00099835880016412,
            "min": 0.00099835880016412,
            "max": 0.0009991796000820403,
            "count": 2
        },
        "AutoJump.Policy.Epsilon.mean": {
            "value": 0.19983588000000005,
            "min": 0.19983588000000005,
            "max": 0.19991796000000003,
            "count": 2
        },
        "AutoJump.Policy.Epsilon.sum": {
            "value": 0.19983588000000005,
            "min": 0.19983588000000005,
            "max": 0.19991796000000003,
            "count": 2
        },
        "AutoJump.Policy.Beta.mean": {
            "value": 0.0004991958120000001,
            "min": 0.0004991958120000001,
            "max": 0.0004995980040000001,
            "count": 2
        },
        "AutoJump.Policy.Beta.sum": {
            "value": 0.0004991958120000001,
            "min": 0.0004991958120000001,
            "max": 0.0004995980040000001,
            "count": 2
        }
    },
    "metadata": {
        "timer_format_version": "0.1.0",
        "start_time_seconds": "1691729231",
        "python_version": "3.9.0 (tags/v3.9.0:9cf6752, Oct  5 2020, 15:34:40) [MSC v.1927 64 bit (AMD64)]",
        "command_line_arguments": "C:\\Users\\Rares-Anton\\Desktop\\HartaAia\\venv\\Scripts\\mlagents-learn Assets\\Autojump.yaml --run-id=Test8.2medium1",
        "mlagents_version": "0.30.0",
        "mlagents_envs_version": "0.30.0",
        "communication_protocol_version": "1.5.0",
        "pytorch_version": "1.7.1+cu110",
        "numpy_version": "1.21.2",
        "end_time_seconds": "1691729361"
    },
    "total": 129.7954385,
    "count": 1,
    "self": 0.009331899999978077,
    "children": {
        "run_training.setup": {
            "total": 0.1316044999999999,
            "count": 1,
            "self": 0.1316044999999999
        },
        "TrainerController.start_learning": {
            "total": 129.6545021,
            "count": 1,
            "self": 0.036155700000023216,
            "children": {
                "TrainerController._reset_env": {
                    "total": 6.7871901999999995,
                    "count": 1,
                    "self": 6.7871901999999995
                },
                "TrainerController.advance": {
                    "total": 122.67110579999999,
                    "count": 1385,
                    "self": 0.030559699999827217,
                    "children": {
                        "env_step": {
                            "total": 109.00548080000013,
                            "count": 1385,
                            "self": 104.03157490000015,
                            "children": {
                                "SubprocessEnvManager._take_step": {
                                    "total": 4.954721200000062,
                                    "count": 1385,
                                    "self": 0.08561730000006484,
                                    "children": {
                                        "TorchPolicy.evaluate": {
                                            "total": 4.869103899999997,
                                            "count": 1361,
                                            "self": 4.869103899999997
                                        }
                                    }
                                },
                                "workers": {
                                    "total": 0.019184699999922117,
                                    "count": 1384,
                                    "self": 0.0,
                                    "children": {
                                        "worker_root": {
                                            "total": 27.256195500000022,
                                            "count": 1384,
                                            "is_parallel": true,
                                            "self": 21.824068900000032,
                                            "children": {
                                                "steps_from_proto": {
                                                    "total": 0.0004195999999998534,
                                                    "count": 1,
                                                    "is_parallel": true,