{
    "name": "root",
    "metadata": {
        "timer_format_version": "0.1.0",
        "start_time_seconds": "1691255470",
        "python_version": "3.9.0 (tags/v3.9.0:9cf6752, Oct  5 2020, 15:34:40) [MSC v.1927 64 bit (AMD64)]",
        "command_line_arguments": "C:\\Users\\Rares-Anton\\Desktop\\HartaAia\\venv\\Scripts\\mlagents-learn --run-id=Test2.10",
        "mlagents_version": "0.30.0",
        "mlagents_envs_version": "0.30.0",
        "communication_protocol_version": "1.5.0",
        "pytorch_version": "1.7.1+cu110",
        "numpy_version": "1.21.2",
        "end_time_seconds": "1691255534"
    },
    "total": 64.3193452,
    "count": 1,
    "self": 0.007766799999998852,
    "children": {
        "run_training.setup": {
            "total": 0.03578940000000008,
            "count": 1,
            "self": 0.03578940000000008
        },
        "TrainerController.start_learning": {
            "total": 64.275789,
            "count": 1,
            "self": 0.11536719999996592,
            "children": {
                "TrainerController._reset_env": {
                    "total": 6.200668800000001,
                    "count": 1,
                    "self": 6.200668800000001
                },
                "TrainerController.advance": {
                    "total": 57.95928510000004,
                    "count": 6550,
                    "self": 0.11230489999999094,
                    "children": {
                        "env_step": {
                            "total": 57.0196391000001,
                            "count": 6550,
                            "self": 31.357828900000058,
                            "children": {
                                "SubprocessEnvManager._take_step": {
                                    "total": 25.594332199999755,
                                    "count": 6550,
                                    "self": 0.3468956999998767,
                                    "children": {
                                        "TorchPolicy.evaluate": {
                                            "total": 25.24743649999988,
                                            "count": 6534,
                                            "self": 25.24743649999988
                                        }
                                    }
                                },
                                "workers": {
                                    "total": 0.06747800000028725,
                                    "count": 6549,
                                    "self": 0.0,
                                    "children": {
                                        "worker_root": {
                                            "total": 56.598909100000235,
                                            "count": 6549,
                                            "is_parallel": true,
                                            "self": 33.34319900000035,
                                            "children": {
                                                "steps_from_proto": {
                                                    "total": 0.0006341999999994741,
                                                    "count": 1,
                                                    "is_parallel": true,
                                                    "self": 0.0004157999999998552,
                                                    "children": {
                                                        "_process_rank_one_or_two_observation": {
                                                            "total": 0.0002183999999996189,
                                                            "count": 4,
                                                            "is_parallel": true,
                                                            "self": 0.0002183999999996189
                                                        }
                                                    }
                                                },
                                                "UnityEnvironment.step": {
                                                    "total": 23.255075899999888,
                                                    "count": 6549,
                                                    "is_parallel": true,
                                                    "self": 0.4249557000003392,
                                                    "children": {
                                                        "UnityEnvironment._generate_step_input": {
                                                            "total": 0.38181619999994965,
                                                            "count": 6549,
                                                            "is_parallel": true,
                                                            "self": 0.38181619999994965
                                                        },
                                                        "communicator.exchange": {
                                                            "total": 20.78739919999977,
                                                            "count": 6549,
                                                            "is_parallel": true,
                                                            "self": 20.78739919999977
                                                        },
                                                        "steps_from_proto": {
                                                            "total": 1.6609047999998285,
                                                            "count": 6549,
                                                            "is_parallel": true,
                                                            "self": 0.8902640999986264,
                                                            "children": {
                                                                "_process_rank_one_or_two_observation": {
                                                                    "total": 0.7706407000012021,
                                                                    "count": 26196,
                                                                    "is_parallel": true,
                                                                    "self": 0.7706407000012021
                                                                }
                                                            }
                                                        }
                                                    }
                                                }
                                            }
                                        }
                                    }
                                }
                            }
                        },
                        "trainer_advance": {
                            "total": 0.8273410999999466,
                            "count": 6549,
                            "self": 0.13427739999962185,
                            "children": {
                                "process_trajectory": {
                                    "total": 0.6930637000003248,
                                    "count": 6549,
                                    "self": 0.6930637000003248
                                }
                            }
                        }
                    }
                },
                "trainer_threads": {
                    "total": 9.999999974752427e-07,
                    "count": 1,
                    "self": 9.999999974752427e-07
                },
                "TrainerController._save_models": {
                    "total": 0.0004669000000063761,
                    "count": 1,
                    "self": 2.40000000104601e-05,