{
    "name": "root",
    "gauges": {
        "AutoJump.Policy.Entropy.mean": {
            "value": 2.9158406257629395,
            "min": 2.9158406257629395,
            "max": 3.0142271518707275,
            "count": 4
        },
        "AutoJump.Policy.Entropy.sum": {
            "value": 145442.125,
            "min": 145442.125,
            "max": 151386.546875,
            "count": 4
        },
        "AutoJump.Step.mean": {
            "value": 199943.0,
            "min": 49954.0,
            "max": 199943.0,
            "count": 4
        },
        "AutoJump.Step.sum": {
            "value": 199943.0,
            "min": 49954.0,
            "max": 199943.0,
            "count": 4
        },
        "AutoJump.Policy.ExtrinsicValueEstimate.mean": {
            "value": -0.0819871574640274,
            "min": -3.5760083198547363,
            "max": -0.0819871574640274,
            "count": 4
        },
        "AutoJump.Policy.ExtrinsicValueEstimate.sum": {
            "value": -65.50773620605469,
            "min": -2935.90283203125,
            "max": -65.50773620605469,
            "count": 4
        },
        "AutoJump.Environment.EpisodeLength.mean": {
            "value": 999.0,
            "min": 582.8205128205128,
            "max": 999.0,
            "count": 4
        },
        "AutoJump.Environment.EpisodeLength.sum": {
            "value": 48951.0,
            "min": 45460.0,
            "max": 50834.0,
            "count": 4
        },
        "AutoJump.Environment.CumulativeReward.mean": {
            "value": 0.0,
            "min": -42.30769230769231,
            "max": 0.0,
            "count": 4
        },
        "AutoJump.Environment.CumulativeReward.sum": {
            "value": 0.0,
            "min": -3300.0,
            "max": 0.0,
            "count": 4
        },
        "AutoJump.Policy.ExtrinsicReward.mean": {
            "value": 0.0,
            "min": -42.30769230769231,
            "max": 0.0,
            "count": 4
        },
        "AutoJump.Policy.ExtrinsicReward.sum": {
            "value": 0.0,
            "min": -3300.0,
            "max": 0.0,
            "count": 4
        },
        "AutoJump.Losses.PolicyLoss.mean": {
            "value": 0.0242933131630222,
            "min": 0.022297909910169743,
            "max": 0.02467942485275368,
            "count": 4
        },
        "AutoJump.Losses.PolicyLoss.sum": {
            "value": 0.121466565815111,
            "min": 0.08919163964067897,
            "max": 0.12339712426376839,
            "count": 4
        },
        "AutoJump.Losses.ValueLoss.mean": {
            "value": 0.04567090859015783,
            "min": 0.04567090859015783,
            "max": 79.74170565605164,
            "count": 4
        },
        "AutoJump.Losses.ValueLoss.sum": {
            "value": 0.22835454295078914,
            "min": 0.22835454295078914,
            "max": 318.96682262420654,
            "count": 4
        },
        "AutoJump.Policy.LearningRate.mean": {
            "value": 0.00019517727494092,
            "min": 0.00019517727494092,
            "max": 0.00028457130514289994,
            "count": 4
        },
        "AutoJump.Policy.LearningRate.sum": {
            "value": 0.0009758863747046001,
            "min": 0.0009758863747046001,
            "max": 0.0012841974719342,
            "count": 4
        },
        "AutoJump.Policy.Epsilon.mean": {
            "value": 0.16505908,
            "min": 0.16505908,
            "max": 0.19485709999999998,
            "count": 4
        },
        "AutoJump.Policy.Epsilon.sum": {
            "value": 0.8252954,
            "min": 0.7794283999999999,
            "max": 0.9280658000000002,
            "count": 4
        },
        "AutoJump.Policy.Beta.mean": {
            "value": 0.003256448092,
            "min": 0.003256448092,
            "max": 0.00474336929,
            "count": 4
        },
        "AutoJump.Policy.Beta.sum": {
            "value": 0.01628224046,
            "min": 0.01628224046,
            "max": 0.021410483419999994,
            "count": 4
        },
        "AutoJump.IsTraining.mean": {
            "value": 1.0,
            "min": 1.0,
            "max": 1.0,
            "count": 4
        },
        "AutoJump.IsTraining.sum": {
            "value": 1.0,
            "min": 1.0,
            "max": 1.0,
            "count": 4
        }
    },
    "metadata": {
        "timer_format_version": "0.1.0",
        "start_time_seconds": "1691507691",
        "python_version": "3.9.0 (tags/v3.9.0:9cf6752, Oct  5 2020, 15:34:40) [MSC v.1927 64 bit (AMD64)]",
        "command_line_arguments": "C:\\Users\\Rares-Anton\\Desktop\\HartaAia\\venv\\Scripts\\mlagents-learn --run-id=Test5.14",
        "mlagents_version": "0.30.0",
        "mlagents_envs_version": "0.30.0",
        "communication_protocol_version": "1.5.0",
        "pytorch_version": "1.7.1+cu110",
        "numpy_version": "1.21.2",
        "end_time_seconds": "1691508205"
    },
    "total": 514.2571561,
    "count": 1,
    "self": 0.009563399999933608,
    "children": {
        "run_training.setup": {
            "total": 0.038791199999999915,
            "count": 1,
            "self": 0.038791199999999915
        },
        "TrainerController.start_learning": {
            "total": 514.2088015,
            "count": 1,
            "self": 0.7131838999994216,
            "children": {
                "TrainerController._reset_env": {
                    "total": 19.6640254,
                    "count": 1,
                    "self": 19.6640254
                },
                "TrainerController.advance": {
                    "total": 493.7257335000005,
                    "count": 30101,
                    "self": 0.696379499992247,
                    "children": {
                        "env_step": {
                            "total": 417.9585851000042,
                            "count": 30101,
                            "self": 294.6533089000059,
                            "children": {
                                "SubprocessEnvManager._take_step": {
                                    "total": 122.86795630000037,
                                    "count": 30101,
                                    "self": 2.4936108000056407,
                                    "children": {
                                        "TorchPolicy.evaluate": {
                                            "total": 120.37434549999473,
                                            "count": 29851,
                                            "self": 120.37434549999473
                                        }
                                    }
                                },
                                "workers": {
                                    "total": 0.43731989999788823,
                                    "count": 30100,
                                    "self": 0.0,
                                    "children": {
                                        "worker_root": {
                                            "total": 452.89852489999896,
                                            "count": 30100,
                                            "is_parallel": true,
                                            "self": 238.03187119999606,
                                            "children": {
                                                "steps_from_proto": {
                                                    "total": 0.000468800000000158,
                                                    "count": 1,
                                                    "is_parallel": true,
                                                    "self": 0.00020119999999934635,
                                                    "children": {
                                                        "_process_rank_one_or_two_observation": {
                                                            "total": 0.00026760000000081163,