{
    "name": "root",
    "metadata": {
        "timer_format_version": "0.1.0",
        "start_time_seconds": "1691133373",
        "python_version": "3.9.0 (tags/v3.9.0:9cf6752, Oct  5 2020, 15:34:40) [MSC v.1927 64 bit (AMD64)]",
        "command_line_arguments": "C:\\Users\\Rares-Anton\\Desktop\\HartaAia\\venv\\Scripts\\mlagents-learn --run-id=Test4",
        "mlagents_version": "0.30.0",
        "mlagents_envs_version": "0.30.0",
        "communication_protocol_version": "1.5.0",
        "pytorch_version": "1.7.1+cu110",
        "numpy_version": "1.21.2",
        "end_time_seconds": "1691133429"
    },
    "total": 56.0156675,
    "count": 1,
    "self": 10.008295700000005,
    "children": {
        "run_training.setup": {
            "total": 0.03743529999999984,
            "count": 1,
            "self": 0.03743529999999984
        },
        "TrainerController.start_learning": {
            "total": 45.969936499999996,
            "count": 1,
            "self": 0.0011807999999930985,
            "children": {
                "TrainerController._reset_env": {
                    "total": 8.239570599999999,
                    "count": 1,
                    "self": 8.239570599999999
                },
                "TrainerController.advance": {
                    "total": 37.1270897,
                    "count": 1,
                    "self": 2.4199999998586463e-05,
                    "children": {
                        "env_step": {
                            "total": 37.1270655,
                            "count": 1,
                            "self": 37.1270462,
                            "children": {
                                "SubprocessEnvManager._take_step": {
                                    "total": 1.9299999996391648e-05,
                                    "count": 2,
                                    "self": 1.9299999996391648e-05
                                }
                            }
                        }
                    }
                },
                "trainer_threads": {
                    "total": 1.300000000981072e-06,
                    "count": 1,
                    "self": 1.300000000981072e-06
                },
                "TrainerController._save_models": {
                    "total": 0.6020941000000022,
                    "count": 1,
                    "self": 0.0030025000000009072,
                    "children": {
                        "RLTrainer._checkpoint": {
                            "total": 0.5990916000000013,
                            "count": 1,
                            "self": 0.5990916000000013
                        }
                    }
                }
            }
        }
    }
}